TipProcent,Percentage of all Green Taxi Rides in 2021 year in NYC
0 - 10,68.08143527901446
10 - 20,6.525620224454163
20 - 30,18.825405202081733
30 - 40,4.780551797186557
40 - 50,0.7203904461948152
50+,0.801795783016414
Error,0.2648012680518674
