TipProcent,Percentage of all Yellow and Green Taxi Rides in 2021 year in NYC
0 - 10,31.539363461140407
10 - 20,10.847862750002955
20 - 30,33.84781251968475
30 - 40,18.233761892403155
40 - 50,4.015544876035265
50+,1.4574799105312335
Error,0.05817459020223552
