TipProcent,Percentage of all Yellow Taxi Rides in 2021 year in NYC
0 - 10,30.275660791568832
10 - 20,10.99733510190721
20 - 30,34.36731935895928
30 - 40,18.699002549702634
40 - 50,4.129498334131289
50+,1.4801548641153073
Error,0.05102899961545426
