TipProcent ,Percentage of all Yellow and Green Taxi Rides in 2021 year in NYC
0 - 10,31.53936346
20-Oct,10.84786275
20 - 30,33.84781252
30 - 40,18.23376189
40 - 50,4.015544876
50+,1.457479911
Error,0.05817459
