TipProcent ,Percentage of all Yellow Taxi Rides in 2021 year in NYC
0 - 10,30.27566079
20-Oct,10.9973351
20 - 30,34.36731936
30 - 40,18.69900255
40 - 50,4.129498334
50+,1.480154864
Error,0.051029
